rank,score,PAS,PDP,NMSE,NMSE_dB,variant,source_file,source_index,config
1,0.2039702976,0.3958335817,0.1138854995,2418.4013671875,33.8352837969,knn,/Users/yanrunhui/5th-Huawei-Cup-Communication-Algorithm-Competition-main/machine-learning/outputs/pca_dimension_curve_shape.json,2,delay_taps=16; diag_pca_true_phase_nmse_db=-3.4141754080284277; diag_pred_true_phase_true_energy_nmse_db=-0.503170060373697; diag_true_power_knn_phase_nmse_db=2.705349912735346; hybrid_power_latent_mse=89.76224517822266; knn_power_latent_mse=89.76224517822266; phase_k=1; power_components=256; power_pca_explained_variance_ratio_sum=0.994642596337042; power_target_mode=shape; residual_weight=0.0
2,0.2039507890,0.3957622647,0.1139080450,2418.3989257812,33.8352794126,knn,/Users/yanrunhui/5th-Huawei-Cup-Communication-Algorithm-Competition-main/machine-learning/outputs/pca_dimension_curve_raw.json,2,delay_taps=16; diag_pca_true_phase_nmse_db=-3.408583624159649; diag_pred_true_phase_true_energy_nmse_db=-0.5031784894471957; diag_true_power_knn_phase_nmse_db=2.705349912735346; hybrid_power_latent_mse=176.6737823486328; knn_power_latent_mse=176.6737823486328; phase_k=1; power_components=256; residual_weight=0.0
3,0.2036428633,0.3952918351,0.1136086583,2418.3750000000,33.8352364467,knn,/Users/yanrunhui/5th-Huawei-Cup-Communication-Algorithm-Competition-main/machine-learning/outputs/pca_dimension_curve_raw.json,1,delay_taps=16; diag_pca_true_phase_nmse_db=-3.1924127429166864; diag_pred_true_phase_true_energy_nmse_db=-0.4778871339671736; diag_true_power_knn_phase_nmse_db=2.705349912735346; hybrid_power_latent_mse=233.03402709960938; knn_power_latent_mse=233.03402709960938; phase_k=1; power_components=192; residual_weight=0.0
4,0.2036108883,0.3951615393,0.1136590168,2418.3781738281,33.8352421462,knn,/Users/yanrunhui/5th-Huawei-Cup-Communication-Algorithm-Competition-main/machine-learning/outputs/pca_dimension_curve_shape.json,1,delay_taps=16; diag_pca_true_phase_nmse_db=-3.20010759657595; diag_pred_true_phase_true_energy_nmse_db=-0.4775883490101571; diag_true_power_knn_phase_nmse_db=2.705349912735346; hybrid_power_latent_mse=117.15069580078125; knn_power_latent_mse=117.15069580078125; phase_k=1; power_components=192; power_pca_explained_variance_ratio_sum=0.9847876049549048; power_target_mode=shape; residual_weight=0.0
5,0.2034334021,0.3944684863,0.1139083579,2418.4196777344,33.8353166787,knn,/Users/yanrunhui/5th-Huawei-Cup-Communication-Algorithm-Competition-main/machine-learning/outputs/pca_dimension_curve_raw.json,3,delay_taps=16; diag_pca_true_phase_nmse_db=-3.9703871500923067; diag_pred_true_phase_true_energy_nmse_db=-0.5471396139612408; diag_true_power_knn_phase_nmse_db=2.705349912735346; hybrid_power_latent_mse=119.47942352294922; knn_power_latent_mse=119.47942352294922; phase_k=1; power_components=384; residual_weight=0.0
6,0.2029736577,0.3930779397,0.1141495407,2418.3886718750,33.8352609987,knn,/Users/yanrunhui/5th-Huawei-Cup-Communication-Algorithm-Competition-main/machine-learning/outputs/pca_dimension_curve_shape.json,0,delay_taps=16; diag_pca_true_phase_nmse_db=-2.8920421636652813; diag_pred_true_phase_true_energy_nmse_db=-0.4531760592830777; diag_true_power_knn_phase_nmse_db=2.705349912735346; hybrid_power_latent_mse=169.40000915527344; knn_power_latent_mse=169.40000915527344; phase_k=1; power_components=128; power_pca_explained_variance_ratio_sum=0.9652094756481555; power_target_mode=shape; residual_weight=0.0
7,0.2027705670,0.3924212754,0.1142984778,2418.3818359375,33.8352487227,knn,/Users/yanrunhui/5th-Huawei-Cup-Communication-Algorithm-Competition-main/machine-learning/outputs/pca_dimension_curve_raw.json,0,delay_taps=16; diag_pca_true_phase_nmse_db=-2.8775535458780266; diag_pred_true_phase_true_energy_nmse_db=-0.45295395833617585; diag_true_power_knn_phase_nmse_db=2.705349912735346; hybrid_power_latent_mse=343.1758728027344; knn_power_latent_mse=343.1758728027344; phase_k=1; power_components=128; residual_weight=0.0
8,0.2025077636,0.3919591606,0.1141035855,2418.3986816406,33.8352789742,knn,/Users/yanrunhui/5th-Huawei-Cup-Communication-Algorithm-Competition-main/machine-learning/outputs/pca_dimension_curve_delay_grouped.json,1,delay_taps=16; diag_pca_true_phase_nmse_db=-2.6505943113815973; diag_pred_true_phase_true_energy_nmse_db=-0.4707164808955018; diag_true_power_knn_phase_nmse_db=2.705349912735346; hybrid_power_latent_mse=160.32891845703125; knn_power_latent_mse=160.32891845703125; phase_k=1; power_components=256; power_pca_explained_variance_ratio_sum=0.9300655276120526; power_pca_mode=delay_grouped; power_target_mode=raw; residual_weight=0.0
9,0.1998241272,0.3849795163,0.1143741384,2418.3935546875,33.8352697672,knn,/Users/yanrunhui/5th-Huawei-Cup-Communication-Algorithm-Competition-main/machine-learning/outputs/pca_dimension_curve_delay_grouped.json,0,delay_taps=16; diag_pca_true_phase_nmse_db=-2.2054220709379404; diag_pred_true_phase_true_energy_nmse_db=-0.43798218682219664; diag_true_power_knn_phase_nmse_db=2.705349912735346; hybrid_power_latent_mse=206.90472412109375; knn_power_latent_mse=206.90472412109375; phase_k=1; power_components=192; power_pca_explained_variance_ratio_sum=0.9113115090696073; power_pca_mode=delay_grouped; power_target_mode=raw; residual_weight=0.0
10,0.1965195025,0.3783023655,0.1127733439,2240.6823730469,33.5038029767,val,/Users/yanrunhui/5th-Huawei-Cup-Communication-Algorithm-Competition-main/machine-learning/outputs/pca_dimension_curve_shape.json,2,delay_taps=16; diag_pca_true_phase_nmse_db=-3.4141754080284277; diag_pred_true_phase_true_energy_nmse_db=-0.503170060373697; diag_true_power_knn_phase_nmse_db=2.705349912735346; hybrid_power_latent_mse=89.76224517822266; knn_power_latent_mse=89.76224517822266; phase_k=1; power_components=256; power_pca_explained_variance_ratio_sum=0.994642596337042; power_target_mode=shape; residual_weight=0.0
11,0.1958854561,0.3769422770,0.1125483140,2240.6582031250,33.5037561298,val,/Users/yanrunhui/5th-Huawei-Cup-Communication-Algorithm-Competition-main/machine-learning/outputs/pca_dimension_curve_shape.json,1,delay_taps=16; diag_pca_true_phase_nmse_db=-3.20010759657595; diag_pred_true_phase_true_energy_nmse_db=-0.4775883490101571; diag_true_power_knn_phase_nmse_db=2.705349912735346; hybrid_power_latent_mse=117.15069580078125; knn_power_latent_mse=117.15069580078125; phase_k=1; power_components=192; power_pca_explained_variance_ratio_sum=0.9847876049549048; power_target_mode=shape; residual_weight=0.0
12,0.1951523751,0.3746066689,0.1130512208,2240.6687011719,33.5037764775,val,/Users/yanrunhui/5th-Huawei-Cup-Communication-Algorithm-Competition-main/machine-learning/outputs/pca_dimension_curve_shape.json,0,delay_taps=16; diag_pca_true_phase_nmse_db=-2.8920421636652813; diag_pred_true_phase_true_energy_nmse_db=-0.4531760592830777; diag_true_power_knn_phase_nmse_db=2.705349912735346; hybrid_power_latent_mse=169.40000915527344; knn_power_latent_mse=169.40000915527344; phase_k=1; power_components=128; power_pca_explained_variance_ratio_sum=0.9652094756481555; power_target_mode=shape; residual_weight=0.0
13,0.1909372154,0.3792538643,0.0971805379,549.2752075195,27.3978999684,val,/Users/yanrunhui/5th-Huawei-Cup-Communication-Algorithm-Competition-main/machine-learning/outputs/pca_dimension_curve_raw.json,3,delay_taps=16; diag_pca_true_phase_nmse_db=-3.9703871500923067; diag_pred_true_phase_true_energy_nmse_db=-0.5471396139612408; diag_true_power_knn_phase_nmse_db=2.705349912735346; hybrid_power_latent_mse=119.47942352294922; knn_power_latent_mse=119.47942352294922; phase_k=1; power_components=384; residual_weight=0.0
14,0.1909170356,0.3791674376,0.0972183570,550.3929443359,27.4067285790,val,/Users/yanrunhui/5th-Huawei-Cup-Communication-Algorithm-Competition-main/machine-learning/outputs/pca_dimension_curve_raw.json,2,delay_taps=16; diag_pca_true_phase_nmse_db=-3.408583624159649; diag_pred_true_phase_true_energy_nmse_db=-0.5031784894471957; diag_true_power_knn_phase_nmse_db=2.705349912735346; hybrid_power_latent_mse=176.6737823486328; knn_power_latent_mse=176.6737823486328; phase_k=1; power_components=256; residual_weight=0.0
15,0.1901508164,0.3775321841,0.0969117135,534.8233642578,27.2821037156,val,/Users/yanrunhui/5th-Huawei-Cup-Communication-Algorithm-Competition-main/machine-learning/outputs/pca_dimension_curve_raw.json,1,delay_taps=16; diag_pca_true_phase_nmse_db=-3.1924127429166864; diag_pred_true_phase_true_energy_nmse_db=-0.4778871339671736; diag_true_power_knn_phase_nmse_db=2.705349912735346; hybrid_power_latent_mse=233.03402709960938; knn_power_latent_mse=233.03402709960938; phase_k=1; power_components=192; residual_weight=0.0
16,0.1894141100,0.3740885258,0.0985440090,552.8691406250,27.4262234970,val,/Users/yanrunhui/5th-Huawei-Cup-Communication-Algorithm-Competition-main/machine-learning/outputs/pca_dimension_curve_raw.json,0,delay_taps=16; diag_pca_true_phase_nmse_db=-2.8775535458780266; diag_pred_true_phase_true_energy_nmse_db=-0.45295395833617585; diag_true_power_knn_phase_nmse_db=2.705349912735346; hybrid_power_latent_mse=343.1758728027344; knn_power_latent_mse=343.1758728027344; phase_k=1; power_components=128; residual_weight=0.0
17,0.1873728270,0.3734246492,0.0949950516,40430.7070312500,46.0671133612,val,/Users/yanrunhui/5th-Huawei-Cup-Communication-Algorithm-Competition-main/machine-learning/outputs/ablation_energy_fixed_random.json,0,delay_taps=8; hybrid_power_latent_mse=794.2421875; knn_power_latent_mse=794.2421875; phase_k=1; power_components=32; residual_weight=0.0
18,0.1873728270,0.3734246492,0.0949950516,40430.7070312500,46.0671133612,knn,/Users/yanrunhui/5th-Huawei-Cup-Communication-Algorithm-Competition-main/machine-learning/outputs/ablation_energy_fixed_random.json,0,delay_taps=8; hybrid_power_latent_mse=794.2421875; knn_power_latent_mse=794.2421875; phase_k=1; power_components=32; residual_weight=0.0
19,0.1829065465,0.3730312884,0.0830791965,431.5703430176,26.3505159285,val,/Users/yanrunhui/5th-Huawei-Cup-Communication-Algorithm-Competition-main/machine-learning/outputs/pca_dimension_curve_delay_grouped.json,1,delay_taps=16; diag_pca_true_phase_nmse_db=-2.6505943113815973; diag_pred_true_phase_true_energy_nmse_db=-0.4707164808955018; diag_true_power_knn_phase_nmse_db=2.705349912735346; hybrid_power_latent_mse=160.32891845703125; knn_power_latent_mse=160.32891845703125; phase_k=1; power_components=256; power_pca_explained_variance_ratio_sum=0.9300655276120526; power_pca_mode=delay_grouped; power_target_mode=raw; residual_weight=0.0
20,0.1828314684,0.2890775800,0.1173490286,8.8712663651,9.4798561939,knn,/Users/yanrunhui/5th-Huawei-Cup-Communication-Algorithm-Competition-main/machine-learning/outputs/ablation_small.json,1,delay_taps=8; hybrid_power_latent_mse=1470.001708984375; knn_power_latent_mse=1388.4801025390625; phase_k=3; power_components=16
21,0.1813133120,0.2851801515,0.1173490211,8.8514194489,9.4701292147,knn,/Users/yanrunhui/5th-Huawei-Cup-Communication-Algorithm-Competition-main/machine-learning/outputs/ablation_small.json,0,delay_taps=8; hybrid_power_latent_mse=1470.001708984375; knn_power_latent_mse=1388.4801025390625; phase_k=1; power_components=16
22,0.1803826918,0.2836356461,0.1164952144,8.8375101089,9.4632992358,val,/Users/yanrunhui/5th-Huawei-Cup-Communication-Algorithm-Competition-main/machine-learning/outputs/ablation_residual_weight.json,0,delay_taps=8; hybrid_power_latent_mse=777.519775390625; knn_power_latent_mse=777.519775390625; phase_k=1; power_components=32; residual_weight=0.0
23,0.1803826918,0.2836356461,0.1164952144,8.8375101089,9.4632992358,knn,/Users/yanrunhui/5th-Huawei-Cup-Communication-Algorithm-Competition-main/machine-learning/outputs/ablation_residual_weight.json,0,delay_taps=8; hybrid_power_latent_mse=777.519775390625; knn_power_latent_mse=777.519775390625; phase_k=1; power_components=32; residual_weight=0.0
24,0.1803826918,0.2836356461,0.1164952144,8.8375101089,9.4632992358,knn,/Users/yanrunhui/5th-Huawei-Cup-Communication-Algorithm-Competition-main/machine-learning/outputs/ablation_residual_weight.json,1,delay_taps=8; hybrid_power_latent_mse=775.7605590820312; knn_power_latent_mse=777.519775390625; phase_k=1; power_components=32; residual_weight=0.25
25,0.1803826918,0.2836356461,0.1164952144,8.8375101089,9.4632992358,knn,/Users/yanrunhui/5th-Huawei-Cup-Communication-Algorithm-Competition-main/machine-learning/outputs/ablation_residual_weight.json,2,delay_taps=8; hybrid_power_latent_mse=780.638427734375; knn_power_latent_mse=777.519775390625; phase_k=1; power_components=32; residual_weight=0.5
26,0.1803826918,0.2836356461,0.1164952144,8.8375101089,9.4632992358,knn,/Users/yanrunhui/5th-Huawei-Cup-Communication-Algorithm-Competition-main/machine-learning/outputs/ablation_residual_weight.json,3,delay_taps=8; hybrid_power_latent_mse=810.3049926757812; knn_power_latent_mse=777.519775390625; phase_k=1; power_components=32; residual_weight=1.0
27,0.1803826918,0.2836356461,0.1164952144,8.8375101089,9.4632992358,knn,/Users/yanrunhui/5th-Huawei-Cup-Communication-Algorithm-Competition-main/machine-learning/outputs/ablation_small.json,2,delay_taps=8; hybrid_power_latent_mse=810.3049926757812; knn_power_latent_mse=777.519775390625; phase_k=1; power_components=32
28,0.1796699823,0.2843558192,0.1159816682,9.2380409241,9.6557988182,val,/Users/yanrunhui/5th-Huawei-Cup-Communication-Algorithm-Competition-main/machine-learning/outputs/ablation_energy_fixed_spatial.json,0,delay_taps=8; hybrid_power_latent_mse=777.519775390625; knn_power_latent_mse=777.519775390625; phase_k=1; power_components=32; residual_weight=0.0
29,0.1796699823,0.2843558192,0.1159816682,9.2380409241,9.6557988182,knn,/Users/yanrunhui/5th-Huawei-Cup-Communication-Algorithm-Competition-main/machine-learning/outputs/ablation_energy_fixed_spatial.json,0,delay_taps=8; hybrid_power_latent_mse=777.519775390625; knn_power_latent_mse=777.519775390625; phase_k=1; power_components=32; residual_weight=0.0
30,0.1796699823,0.2843558192,0.1159816682,9.2380409241,9.6557988182,knn,/Users/yanrunhui/5th-Huawei-Cup-Communication-Algorithm-Competition-main/machine-learning/outputs/ablation_energy_fixed_spatial.json,1,delay_taps=8; hybrid_power_latent_mse=775.7605590820312; knn_power_latent_mse=777.519775390625; phase_k=1; power_components=32; residual_weight=0.25
31,0.1796699823,0.2843558192,0.1159816682,9.2380409241,9.6557988182,knn,/Users/yanrunhui/5th-Huawei-Cup-Communication-Algorithm-Competition-main/machine-learning/outputs/ablation_energy_fixed_spatial.json,2,delay_taps=8; hybrid_power_latent_mse=780.638427734375; knn_power_latent_mse=777.519775390625; phase_k=1; power_components=32; residual_weight=0.5
32,0.1796699823,0.2843558192,0.1159816682,9.2380409241,9.6557988182,knn,/Users/yanrunhui/5th-Huawei-Cup-Communication-Algorithm-Competition-main/machine-learning/outputs/ablation_energy_fixed_spatial.json,3,delay_taps=8; hybrid_power_latent_mse=810.3049926757812; knn_power_latent_mse=777.519775390625; phase_k=1; power_components=32; residual_weight=1.0
33,0.1792184885,0.2792078555,0.1191263050,9.0579214096,9.5702854824,knn,/Users/yanrunhui/5th-Huawei-Cup-Communication-Algorithm-Competition-main/machine-learning/outputs/ablation_small.json,5,delay_taps=16; hybrid_power_latent_mse=2003.705810546875; knn_power_latent_mse=1935.891845703125; phase_k=3; power_components=16
34,0.1791769984,0.2807152867,0.1164952070,8.8557119370,9.4722348115,knn,/Users/yanrunhui/5th-Huawei-Cup-Communication-Algorithm-Competition-main/machine-learning/outputs/ablation_small.json,3,delay_taps=8; hybrid_power_latent_mse=810.3049926757812; knn_power_latent_mse=777.519775390625; phase_k=3; power_components=32
35,0.1781126531,0.3662816286,0.0777553469,400.7170410156,26.0283781177,val,/Users/yanrunhui/5th-Huawei-Cup-Communication-Algorithm-Competition-main/machine-learning/outputs/pca_dimension_curve_delay_grouped.json,0,delay_taps=16; diag_pca_true_phase_nmse_db=-2.2054220709379404; diag_pred_true_phase_true_energy_nmse_db=-0.43798218682219664; diag_true_power_knn_phase_nmse_db=2.705349912735346; hybrid_power_latent_mse=206.90472412109375; knn_power_latent_mse=206.90472412109375; phase_k=1; power_components=192; power_pca_explained_variance_ratio_sum=0.9113115090696073; power_pca_mode=delay_grouped; power_target_mode=raw; residual_weight=0.0
36,0.1780903969,0.2763084769,0.1191263050,9.0419330597,9.5626128749,knn,/Users/yanrunhui/5th-Huawei-Cup-Communication-Algorithm-Competition-main/machine-learning/outputs/ablation_small.json,4,delay_taps=16; hybrid_power_latent_mse=2003.705810546875; knn_power_latent_mse=1935.891845703125; phase_k=1; power_components=16
37,0.1779536036,0.2819265723,0.1145006493,9.3184719086,9.6934470033,val,/Users/yanrunhui/5th-Huawei-Cup-Communication-Algorithm-Competition-main/machine-learning/outputs/ablation_residual_weight.json,1,delay_taps=8; hybrid_power_latent_mse=775.7605590820312; knn_power_latent_mse=777.519775390625; phase_k=1; power_components=32; residual_weight=0.25
38,0.1759793023,0.2824758887,0.1132008731,10.2939491272,10.1258201763,val,/Users/yanrunhui/5th-Huawei-Cup-Communication-Algorithm-Competition-main/machine-learning/outputs/ablation_energy_fixed_spatial.json,1,delay_taps=8; hybrid_power_latent_mse=775.7605590820312; knn_power_latent_mse=777.519775390625; phase_k=1; power_components=32; residual_weight=0.25
39,0.1751803450,0.2795870304,0.1135624573,10.1603717804,10.0690959960,val,/Users/yanrunhui/5th-Huawei-Cup-Communication-Algorithm-Competition-main/machine-learning/outputs/ablation_residual_weight.json,2,delay_taps=8; hybrid_power_latent_mse=780.638427734375; knn_power_latent_mse=777.519775390625; phase_k=1; power_components=32; residual_weight=0.5
40,0.1751187110,0.2712450027,0.1166931614,9.0283575058,9.5560874798,knn,/Users/yanrunhui/5th-Huawei-Cup-Communication-Algorithm-Competition-main/machine-learning/outputs/ablation_small.json,6,delay_taps=16; hybrid_power_latent_mse=1150.898681640625; knn_power_latent_mse=1112.893310546875; phase_k=1; power_components=32
41,0.1738918439,0.2682411373,0.1166931763,9.0411090851,9.5622170923,knn,/Users/yanrunhui/5th-Huawei-Cup-Communication-Algorithm-Competition-main/machine-learning/outputs/ablation_small.json,7,delay_taps=16; hybrid_power_latent_mse=1150.898681640625; knn_power_latent_mse=1112.893310546875; phase_k=3; power_components=32
42,0.1725943152,0.2800378203,0.1126369461,11.8829383850,10.7492384524,val,/Users/yanrunhui/5th-Huawei-Cup-Communication-Algorithm-Competition-main/machine-learning/outputs/ablation_energy_fixed_spatial.json,2,delay_taps=8; hybrid_power_latent_mse=780.638427734375; knn_power_latent_mse=777.519775390625; phase_k=1; power_components=32; residual_weight=0.5
43,0.1721864989,0.2820981443,0.1146028265,13.8081121445,11.4013430557,val,/Users/yanrunhui/5th-Huawei-Cup-Communication-Algorithm-Competition-main/machine-learning/outputs/ablation_small.json,1,delay_taps=8; hybrid_power_latent_mse=1470.001708984375; knn_power_latent_mse=1388.4801025390625; phase_k=3; power_components=16
44,0.1712358860,0.2797785997,0.1156240404,14.2965660095,11.5523173381,val,/Users/yanrunhui/5th-Huawei-Cup-Communication-Algorithm-Competition-main/machine-learning/outputs/ablation_small.json,5,delay_taps=16; hybrid_power_latent_mse=2003.705810546875; knn_power_latent_mse=1935.891845703125; phase_k=3; power_components=16
45,0.1703563163,0.2774496377,0.1146028191,13.7761411667,11.3912758443,val,/Users/yanrunhui/5th-Huawei-Cup-Communication-Algorithm-Competition-main/machine-learning/outputs/ablation_small.json,0,delay_taps=8; hybrid_power_latent_mse=1470.001708984375; knn_power_latent_mse=1388.4801025390625; phase_k=1; power_components=16
46,0.1698117387,0.2761732638,0.1156240329,14.2755479813,11.5459278807,val,/Users/yanrunhui/5th-Huawei-Cup-Communication-Algorithm-Competition-main/machine-learning/outputs/ablation_small.json,4,delay_taps=16; hybrid_power_latent_mse=2003.705810546875; knn_power_latent_mse=1935.891845703125; phase_k=1; power_components=16
47,0.1688447240,0.2736995220,0.1145128235,13.7494955063,11.3828676341,val,/Users/yanrunhui/5th-Huawei-Cup-Communication-Algorithm-Competition-main/machine-learning/outputs/ablation_residual_weight.json,3,delay_taps=8; hybrid_power_latent_mse=810.3049926757812; knn_power_latent_mse=777.519775390625; phase_k=1; power_components=32; residual_weight=1.0
48,0.1688447240,0.2736995220,0.1145128235,13.7494955063,11.3828676341,val,/Users/yanrunhui/5th-Huawei-Cup-Communication-Algorithm-Competition-main/machine-learning/outputs/ablation_small.json,2,delay_taps=8; hybrid_power_latent_mse=810.3049926757812; knn_power_latent_mse=777.519775390625; phase_k=1; power_components=32
49,0.1685313745,0.2729920447,0.1145128235,13.7825918198,11.3933089444,val,/Users/yanrunhui/5th-Huawei-Cup-Communication-Algorithm-Competition-main/machine-learning/outputs/ablation_small.json,3,delay_taps=8; hybrid_power_latent_mse=810.3049926757812; knn_power_latent_mse=777.519775390625; phase_k=3; power_components=32
50,0.1661735917,0.2741744220,0.1152346060,18.2123317719,12.6036555320,val,/Users/yanrunhui/5th-Huawei-Cup-Communication-Algorithm-Competition-main/machine-learning/outputs/ablation_energy_fixed_spatial.json,3,delay_taps=8; hybrid_power_latent_mse=810.3049926757812; knn_power_latent_mse=777.519775390625; phase_k=1; power_components=32; residual_weight=1.0
51,0.1643305105,0.2649447918,0.1130505949,14.2295598984,11.5319146813,val,/Users/yanrunhui/5th-Huawei-Cup-Communication-Algorithm-Competition-main/machine-learning/outputs/ablation_small.json,6,delay_taps=16; hybrid_power_latent_mse=1150.898681640625; knn_power_latent_mse=1112.893310546875; phase_k=1; power_components=32
52,0.1637335448,0.2634934783,0.1130505949,14.2486495972,11.5377370643,val,/Users/yanrunhui/5th-Huawei-Cup-Communication-Algorithm-Competition-main/machine-learning/outputs/ablation_small.json,7,delay_taps=16; hybrid_power_latent_mse=1150.898681640625; knn_power_latent_mse=1112.893310546875; phase_k=3; power_components=32
